file_path,backend_name,raw_text,processing_time_ms
/app/Trainings_Data/UP000008/00000855.TIF,surya-gpu,"j
Sales - Invoice
kunststof bakken en pallets
Alpac - kunststof bakken en pallets BV
Van der Landeweg 6
7418 HG Deventer
Spargelmesser Firmenich
Albertus-Magnus-Str. 11
D-42719 Solingen
Duitsland
Phone No.
+31(0)570-627860
Fax No.
+31(0)570-624156
VAT Reg. No.
820594829B01
Bank
<b>ING Bank</b>
NL51 INGB 0658010921
Account No.
NL51 INGB 0658010921
<b>ING BNL 2A</b>
34251 70M 3
Bill-to Customer No.
001808
16 March 2021
DE200053646
VAT Registration No.
Invoice No.
F-213572
Order No.
V-212018
.
16-03-21
Factuurdatum
Payment Terms
Netto 10 dagen
Due Date
26-03-21
<b>Unit of</b>
No.
Description
<b>Quantity Measure</b>
<b>Unit Price</b>
<b>Amount</b>
12 Pieces / 179,00 / 2.148,00 /
AL-SUM80888 Palletbox 1200x1000x937mm
888 liter, boden und Seiten geschlossen
4 Fuße
HDPE, BLAU/GRAU
60,00 <
AL-NKI5177-0
Stopfen 2"", küze Seite
5,00 /
12 Pieces /
PP, schwarz
INT-D1210
336,00
Deckel 1200x1000 mm
28,00 /
12 Pieces /
HDPE, grau
270,00 /
270,00 /
VK001
Frachtkosten
1 Pieces /
2.814,00 /
<b>Total EUR</b>
<b>Ship-to Address</b>
Beckmann Spargel GmbH
Rentforter Str. 79
CEDUCATI
D-46244 Kirchhellen
Duitsland
Van der Landeweg 6 tel.: +31 (0)570 - 62 78 60 e-mail: info@alpac.nl
bank: ING Deventer 65.80.10.921
swift: ING BNL 2A
7418 HG Deventer fax: +31 (0)570 - 62 41 56 website: www.alpac.nl
btw: NL820594829B01
iban: NL51 INGB 0658010921
Onze algemene voorwaarden zijn gedeponeerd bij de KvK Veluwe Twente onder nummer 08192416.",4394
/app/Trainings_Data/UP000010/000012D8.TIF,surya-gpu,"Rechnung
Zahlungsreferenznummer 3D3MMP4I0J4IWJWH
Verkauft von Quanzhoushi baian xinxikejiyouxiangongsi
USt-IDNr. DE319983386
Rechnungsdatum
/Lieferdatum
25 März 2020
JÜRGEN FIRMENICH
INV-DE-168041261-2020-10509
Rechnungsnummer
FIRMENICH GMBH & CO KG, ALBERTUS MAGNUS
23,99€
Zahlbetrag
<b>STR 11</b>
SOLINGEN, NORDRHEIN-WESTFALEN, 42719
DE
Um unseren Kundenservice zu kontaktieren, besuchen Sie www.amazon.de/contact-us
Verkauft von
Lieferadresse
Rechnungsadresse
Quanzhoushi baian xinxikejiyouxiangongsi
EDV-Abteilung
Jürgen Firmenich
quangangqu Yifenglu Huaquandichan 1# 108
Firmenich GmbH & Co KG, Albertus Magnus Str
Firmenich Gmbh & Co Kg, Albertus Magnus Str
quanzhou, fujian, 362800
11
11
CN
Solingen, Nordrhein-Westfalen, 42719
Solingen, Nordrhein-Westfalen, 42719
USt-IDNr. DE319983386
DE
DE
904930
.
Bestellinformationen
23 März 2020
Bestelldatum
303-1678464-4203557
Bestellnummer
Rechnungsdetails
Zwischensumme
Stückpreis
Stückpreis USt. %
Menge
Beschreibung
(inkl. USt.)
(inkl. USt.)
(ohne USt.)
23,99€
23,99 €
20,16€
19%
REEHUT Markierungskegel 19cm Groß Bruchfest Trainingshilfen Leitkegel
1
Verkehrshütchen für Kinder, Fußball, Sport, Reitsport & Hund Training (12er,
24er Set)
ASIN: B0716D6894
1800
1,99€
1,99€
1,67€
Versandkosten
-1,99€
-1,99€
-1,67 €
Aktionsrabatt
23,99 € √ <sup>€</sup>0
5. 6 - 1 - 1 - 1 - 1 - 1 - 1 - 1 - 1 - 1 -
and with A so have a leaved
....
A. .

    Compared to the second control

*
Zwischensumme
and the second second
USt.
Zwischensumme
USt. %
(ohne USt.)
3,83€
20,16 €
19%
3,83€
20,16€
USt. Gesamt
2613
٠
Gebucht
Seite 1 von 1",4789
/app/Trainings_Data/UP000000/00000088.TIF,surya,"Page
From
ACHAIKA PLASTICS S.A.
COC
VAT:EL094099660
www.achaika.gr
PLASIKS
Tax Office: Aigio
e-Mail:info@achaika.gr
SA.FILE.NUMBER:9904/22/B/86/138
Sale orders:orders@achaika.gr
FLEXIBLE PACKAGING FILM INDUSTRY
Central Office- Plant A': FTERIS 4, AIGIO GR25 100, TEL.:0030 26910 28287, FAX: 0030 26910 29500
Branch A': ORESTOU 31, ATHENS GR118 53, TEL.:0030 210 3457879, FAX: 0030 210 3473348
Branch B' - Plant B' : BI.PE KOMOTINI OT17, TEL.:0030 25310 38698, FAX: 0030 25310 98288
<b>Document Type</b>
Date
Series
No.
Time
INVOICE
13/02/2020
17
<b>A3</b>
<b>Customer</b>
Delivery
SPARGELMESSER FIRMENICH GmbH & Co.
007761
007761
<b>SPARGELMESSER FIRMENICH GmbH &</b>
KG
Co. KG
<b>INDUSTRY</b>
Albertus-Magnus Str.11, HALLE 7 Solingen 42719
Albertus-Magnus Str.11, HALLE 7
Solingen 42719
<b>GERMANY</b>
<b>GERMANY</b>
Tel.1:212653277 Del/ry Tel:212653277
Tel.1:212653277 Fax:212652710
V.A.T:DE 200053646
V.A.T:DE 200053646
Shipment: AIGIO
Transport Agent:INTERTRANS S.A. TEL.2310778734
Transportation: ΠΑΡΑΔΟΣΗ ΑΠΟ ETAIPEIA
Payment: 100% ADVANCED PAYMENT
V
Transportation Aim: SALE
3425 70126
Relevant Documents:
Item Description
Price
Discount
Code
Net
Quantity
Unit Measure
Α
Value
122641
100.000,000
UNIT
0,01440
PRINTED T-SHIRT BAGS HDPE 42-28X47/18my
0,00
1.440,00 }
50 BOXES * 2000 PCS KYHNA 42-28X47cm/18My-4026
Taric:39232100
P
Relevant Document:13-FEB-20 - A30/17 - - Customer Order:9490 - - Our Order:27/01/2020 - 350/140
122641
1.659,60
PRINTED T-SHIRT BAGS HDPE 42-28X47/18my
115.250,000 $
UNIT
0,01440
0,00
57 BOXES * 2000 PCS + 1 BOX * 1250 PCS KYHNA 42-28X47cm/18My-4026
Taric:39232100
Relevant Document:13-FEB-20 - A30/17 - - Customer Order:9490 - - Our Order:27/01/2020 - 350/140
Gelon
Value
Previous Balance
Quantity Sum.
3.099,60
V A T Analysis
Net Val
% VAT
Value
Discounts
0,00
0,00
215.250,000
New Balance
<b>Net Value</b>
3.099,60
VAT
0,00
3.099,60
3.099,60
Sum
Remarks
Freight Cost
<b>ORDER No 9490 (KYHNA)</b>
RECIPIENT SIGN
SENDER SIGN
Grand Total : €
3.099,60
<b>ACHAIKA PLASTICS SA</b>
BANK ACCOUNTS: BANK OF CYPRUS IBAN:CY 68 0020 0195 0000 3570 2051 9067
<b>BIC (SWIFT): BCYPCY2N</b>
2112",8392
/app/Trainings_Data/UP000004/00000744.TIF,surya-gpu,"serwo
GROUP!
EINCE
06 April 2011
Rechnung
SERWO PACKAGING - Halberstädter Str. 19 - 39435 Egeln
35052
Vorgangsnummer
Firma
Belegnummer
2020-101473
Spargelmesser Firmenich
Datum
29.04.2020
GmbH & Co. KG
Kundennummer
15493
Albertus-Magnus-Str.11
42719 Solingen
3400/72556
Lieferanschrift:
Spargelmesser Firmenich
Halle 7
Albertus-Magnus-Str.11
42719 Solingen
Rückfragen bitte an
Uwe Steffen, Tel.: +49 (0) 151 65 63 60 95, Mail: Uwe.Steffen@ser-pack.com
Lieferbedingung
ab 1.500 € Warenwert frei Haus
per Spedition
Versandart
Unsere UStIDNr DE123715483
Proformalieferschein 2020-201498
Bezug
2020/18
LT in Woche
Ihr Zeichen MK
Unsere SteuerNr 230/5745/0165
Ihr Beleg
Ihre UStIDNr
DE200053646
9689_Nachlieferung
Bitte beachten:
Bei Avisierungen der Speditionen muß die Ware am vorgesehenen Tag
abgenommen werden andernfalls werden wir die Standgelder an Sie berechnen.
**********
Pos. Artikelnr.
14
Bezeichnung
Menge ME
EG
<b>Preis PE</b>
<b>EUR</b>
2281819
18.000 St *
2.698,20
Papiertragetaschen Kraft braun 90 g/m²,
149,90
22+8x33,5 cm, Motiv: Kartoffelkorb,
mit Zellwollgarn-Sichtfenster
250/Karton
Charge: 100209-01/7
18,000 TSt
2
9000100
Frachtkosten
1 St
*
0,00
0,00
1
3
9000991
EURO-Tauschpalette (EPAL) 80x120 cm
2 St
0,00
0,00
Barrier Barre
2.698,20
Zwischensumme EUR
, , ,
42
zzgl. MwSt. mit Steuercode
101
19,00% von
512,66
2.698,20
The state of the state of the state of the state of the state of the state of the state of the state of the state of the state of the state of the state of the state of the state of the state of the state of the state of t
Endsumme EUR
3.210,86
Zahlungsvereinbarungen:
3.146,64 EUR 210,86 EUR
Zahlung erfolgt durch
14 Tage
2,00 % Skonto
(bis 13.05.2020)
30 Tage
(bis 29.05.2020)
ohne Abzug
Ursprungsland: Europäische Gemeinschaft außer * = kein EEC Ursprung
PE = Preiseinheit : 1 = per 1, 2 = per 10, 3 = per 100, 4 = per 1000
Lieferdatum = Rechnungsdatum
DIN EN ISO
Serwo GmbH • Halberstädter Straße 19 • 39435 Egein • Germany
IBAN: DE29 2003 0000 0015 4913 73 - BIC: HYVE DE MM 300
Bankverbindung | Account details: HypoVereinsbank
Geschäftsführer | managing partner: Martin Scherer, Christoph Dödtmann • Handelsregister | register of commerce: Köln HRB 48355
Gmb<sub>H</sub>
Allgem. Verkaufsbedingungen unter | general terms and conditions of sales under: www.serwo.de
EG-Steuer-Nr. | EC-VAT-Reg.No.: DE 123715483 • St.Nr.: 230/5745/0165
29030709",9812
/app/Trainings_Data/UP000010/000013DD.TIF,surya-gpu,"BORCHERS | Borken
BORCHERS Borken GmbH | Postfach 14 61 | 46304 Borken
EINGEGANGEN
Spargelmesser Firmenich
9 3. März 2020
GmbH & Co. KG
904730170208
Albertus-Magnus-Str. 11
D-42719 SOLINGEN
Kd.Nr.:
506123
DE200053646
ID-Nr.:
Rechnung
0000868718
10.03.2020
<b>Seite 1 / 1</b>
Borken,
Mengen
Auftragsnummer / Referenz-Nr.
Beladedat.
Betrag / EUR
Summen / EUR
Pal.
Waren zum Auftrag
Bezug
Ldm
kg
cbm
.
1.600 kg
2,00 Ldm
04.03.2020
B216047 / 11374
Böckenhoff Folien GmbH D-46348 RAESFELD
Beladestelle:
Entladestelle:
D-47623 KEVELAER
Folie
145,00
Fixpreis wie vereinbart
145,00
145,00
Summe Nettobeträge:
EUR
19,0 %
27,55
Mehrwertsteuersätze:
EUR
172,55
<b>Brutto Endbetrag:</b>
zahlbar 14 Tage netto
Zahlungsziel
24/1
* 1
(Clepincha
. . . . .
Bankverbindung: Sparkasse Westmünsterland
Bankverbindung: VR-Bank Westmünsterland e.G.
BORCHERS Borken GmbH | Ahauser Straße 25 | 46325 Borken
BLZ: 401 545 30 | Konto-Nr.: 36 041 846
BLZ: 428 613 87 | Konto-Nr.: 96 384 300
Geschäftsführer: Ludger Venne
IBAN: DE87 4015 4530 0036 0418 46
IBAN: DE68 4286 1387 0096 3843 00
Telefon: (0 28 61) 92 02 - 0 | Telefax: (0 28 61) 92 02 - 40
<b>BIC/SWIFT: WELADE3W</b>
<b>BIC/SWIFT: GENODEM180B</b>
E-Mail: info@borchers-borken.de
USt-Ident-Nr: DE 271410827 | Registergericht: Coesfeld, HRB 12243 | Gerichtsstand: Borken/Westf.
www.borchers-borken.de
Wir arbeiten ausschließlich auf Grundlage der Allgemeinen Deutschen Spediteurbedingungen 2017 (ADSp 2017). Die ADSp 2017 weichen in Ziffer 23 hinsichtlich des
Haftungshöchstbetrages für Güterschäden (§ 431 HGB) vom Gesetz ab, indem sie die Haftung bei multimodalen Transporten unter Einschluss einer Seebeförderung und bei
unbekanntem Schadenort auf 2 Sonderziehungsrechte/kg und im Übrigen die Regelhaftung von 8,33 Sonderziehungsrechte/kg zusätzlich auf 1,25 Millionen Euro je Schadenfall sowie
2,5 Millionen Euro je Schadenereignis, mindestens aber 2 Sonderziehungsrechte/kg, beschränken.",6419
/app/Trainings_Data/UP000010/000013D8.TIF,surya-gpu,"BORCHERS Borken
EINGEGANGEN
2 7. März 2020
BORCHERS Borken GmbH | Postfach 14 61 | 46304 Borken
Spargelmesser-Firmenich
GmbH & Co. KG
Albertus-Magnus-Str. 11
D-42719 SOLINGEN
Kd.Nr.:
506123
9047301 70208
ID-Nr.:
DE200053646
Rechnung
0000869059
24.03.2020
Borken,
Seite 1 / 1
Mengen
Beladedat. Auftragsnummer / Referenz-Nr.
Summen / EUR
| Betrag / EUR
Bezug
Waren zum Auftrag
Ldm
Pal.
cbm
kg
13.03.2020
B217153 / 11461
5,00 Ldm
5.000 kg
Beladestelle:
Böckenhoff Folien GmbH D-46348 RAESFELD
Entladestelle:
D-27412 TARMSTEDT
Folie
Fixpreis wie vereinbart
358,00
358,00
Summe Nettobeträge:
EUR
358,00
Mehrwertsteuersätze:
19,0 %
68,02
<b>EUR</b>
<b>Brutto Endbetrag:</b>
426,02
Zahlungsziel
zahlbar 14 Tage netto
20/4
gebucht
· Village
4
BORCHERS Borken GmbH | Ahauser Straße 25 | 46325 Borken
Bankverbindung: VR-Bank Westmünsterland e.G.
Bankverbindung: Sparkasse Westmünsterland
BLZ: 428 613 87 | Konto-Nr.: 96 384 300
BLZ: 401 545 30 | Konto-Nr.: 36 041 846
Geschäftsführer: Ludger Venne
IBAN: DE68 4286 1387 0096 3843 00
IBAN: DE87 4015 4530 0036 0418 46
Telefon: (0 28 61) 92 02 - 0 | Telefax: (0 28 61) 92 02 - 40
<b>BIC/SWIFT:</b> GENODEM1BOB
<b>BIC/SWIFT: WELADE3W</b>
E-Mail: info@borchers-borken.de
www.borchers-borken.de
USt-Ident-Nr: DE 271410827 | Registergericht: Coesfeld, HRB 12243 | Gerichtsstand: Borken/Westf.
Wir arbeiten ausschließlich auf Grundlage der Allgemeinen Deutschen Spediteurbedingungen 2017 (ADSp 2017). Die ADSp 2017 weichen in Ziffer 23 hinsichtlich des Haftungshöchstbetrages für Güterschäden (§ 431 HGB) vom Gesetz 
2,5 Millionen Euro je Schadenereignis, mindestens aber 2 Sonderziehungsrechte/kg, beschränken.",9657
/app/Trainings_Data/UP000008/00000A5E.TIF,surya-gpu,"<b>CAS Deutschland AG</b>
Brackestraße 1 · D-38159 Vechelde
Tel: 05302/70899-0 · Fax: 05302/70899-99
E-Mail: info@cas-waagen.de
<b>DEUTSCHLAND AG</b>
: 14.05.2021
<b>Datum</b>
Rechnungsnummer
: R052078
Referenznummer
D05440
CAS Deutschland AG · Brackestraße 1 · D-38159 Vechelde
Ihre Bestellung:Nr
: 11076
Spargelmesser Firmenich GmbH & Co. KG
Bestellart :
E-Mail Bestellung
Albertus-Magnus-Str. 11
Lieferdatum
: KW19
42719 Solingen
Zahlungsart
: per Kredit, 10 Tage Netto
<b>Abweichende Lieferanschrift:</b>
Manfred & Harry Eicher GbR
Eicherhof
67161 Gönnheim
Rechnung
Facture - Invoice
Pos
Nummer
Bezeichnung
EXC
Anzahl
Einzelpreis
Gesamtpreis
PB-30-V4
Portable Plattformwaage 15/30kg - 5/10g
208,70
208,70
SerienNr.: 201156458
PB-EICH
2
Werkseichung PB-Reihe, Mehrbereich, bis 30kg
35,00
35,00
3
PB-RB
Optionaler Akku für PB
30,00 100%
0,00
Preis bei gleichzeitigem Erwerb einer Waage
SerienNr.: COE021139430
PB-PA
4
Netzteil für PB
22,50 100%
0,00
1
Netzteil mit geradem Stecker für PB
SerienNr.: COE021139429
and the latest the same of the latest the latest the latest the latest the latest the latest the latest the latest the latest the latest the latest the latest the latest the latest the latest the latest the latest the late
W. Sand James
The same of
Porto: 8.50
Verpackung: 0.00
Nachnahme Gebühr: 0,00
Eilzuschlag: 0.00
252,20€
Nettosumme:
+ 19.00 % MwSt
47,92€
0,00€
+ 7.00 % MwSt
300,12€
Gesamtsumme
ohne Abzug zahlbar bis spätestens zum 24.05.2021
Erweiterter Eigentumsvorbehalt: Die gelieferte Ware bleibt bis zur vollständigen Bezahlung unser Eigentum!
Vorstand
Amtsgericht Braunschweig
Bankverbindung
HRB 200707
Rolf Lübeß
BIC/SWIFT:
DEUTDE2H270
USt-IdNr. DE814250122
Aufsichtsratvorsitzender
IBAN;
DE98 2707 0030 0119 9090 00
WEEE-Reg.-Nr. DE52920555
Dong Jin Kim
Seite: 1",8209
/app/Trainings_Data/UP000010/00001082.TIF,surya-gpu,"N-AR-0001484
Seite 1 von 1
...einfach ein guter Kasten
Ringoplast GmbH · 49824 Ringe-Neugnadenfeld
Rechnung
Spargelmesser Firmenich
Belegdatum
Kundennummer
Nummer
GmbH & Co. KG
N-AR-0001484
13.07.2021
D000041
Albertus-Magnus-Straße 11
Ansprechpartner
42719 Solingen
<b>Manuel Hangbers</b>
Name
Telefonnummer
05944/9345-54
E-Mail
hangbers@ringoplast.de
3400/71603
USt-Id Nr.
DE200053646
Lieferbedingung
<b>FCA</b>
8 Tage 2% Skonto, 30 Tage_netto_
Zahlungsbedingung
Art.-Nr.
<b>Artikel</b>
Pos
Einzelpreis
Gesamt
Menge
Lieferungsnr. N-LS-0002318, Lieferdatum: 09.07.
Externe Belegnr. 11269
Lieferadresse:
Lehner Beeren: Gmbl
Wiener Straße 20
.013-19
Kunststoffkästen, Seiten und Boden durchbrochen, 2
2,80 € 1-428,00 €
510
Durchgriffe, 4 Etikettenhalter
Außenmaß:
400 x 300 x 142 mm
Farbe:
grün
Material:
PE-Neuware
026-19N
kunststoffkästen, Seiten und Boden durchbrochen, 2
240
3,25 €
780,00
Durchgriffe, 4 Etikettenhalter
400 x 300 x 272 mm
Aùßenmaß:
PE-Neuware
laterial
V-AUSGANGSFRACHT
Aùsgangsfràcht 5 Pàletten
3.
Gesamtbetrag ohne MwSt. (EUR)
2.703,00 €
513,57_€
MwSt. 19% gesamt (EUR)
Gesamtbetrag inkl. MwSt. (EUR)
3.216,57
152,45
Ringoplast GmbH
Amtsgericht Osnabrück HRB: 130238
Commerzbank Nordhorn
Volksbank Niedergrafschaft eG
<b>Großringer Straße 24</b>
USt-ld Nr.: DE117037383
IBAN: DE30267400440580906600
IBAN: DE13280699262405011300
49824 Ringe-Neugnadenfeld
Geschäftsführer:
<b>BIC: COBADEFFXXX</b>
<b>BIC: GENODEF1HOO</b>
Tel.: 05944/9345-0
Hendrik Johannink
Klaas Johannink
Grafschafter Volksbank Nordhorn eG
Kreissparkasse Grafschaft Bentheim
info@ringoplast.de
Es gelten ausschließlich unsere Verkaufs- und Geschäftsbedingungen, unsere
IBAN: DE66280699561002785800
IBAN: DE72267500010031002967
www.ringoplast.de
<b>BIC: GENODEF1NEV</b>
<b>BIC: NOLADE21NOH</b>
AGB finden Sie als Download unter www.ringoplast.de",3911
/app/Trainings_Data/UP000010/00001305.TIF,surya-gpu,"Vahee tech®
Yahee GmbH • Hans-Grüninger-Weg 11 • D-71706 Markgröningen
Jürgen Firmenich
Firmenich GmbH & Co.KG Albertus-Magnus-Str. 11
42719 Solingen
Deutschland
904612
Rechnungsdatum: 07.11.2019
Rechnungs-Nr.: NO201900397486
Rechnung Nr. NO201900397486
Vielen Dank für Ihre Bestellung. Wir berechnen Ihnen folgende Lieferungen und Leistungen:
Das Rechnungsdatum entspricht dem Leistungsdatum.
Pos.
Art-Nr.
Bezeichnung
Preis
Menge
Gesamt
Yaheetech Schaufensterpuppe weiblich
1
591571 Nude
Mannequin Ganzkörper, zerlegbar drehbar
43,49 €
1
43,49 €
beweglich
2
Versandkosten
0,00€
0,00€
1
3
Rabatt
-2,61 €
-2,61 €
1
Netto:
34,35 €
19% Ust:
6,53 €
Gesamtbetrag:
40,88 €
---
Zahlungsbedingungen: Vorauskasse
Vielen Dank. Ihre Zahlung ist bei uns eingegangen.
Mit freundlichen Grüßen
Yahee GmbH
appuche
Yahee GmbH
E-Mail: info@yaheetech.de
Geschäftsführer: Tobias Gutekunst
Commerzbank
Hans-Grüninger-Weg 11
Internet: www.yaheetech.de
Sitz der Gesellschaft: Markgröningen
IBAN: DE12 6044 0073 0730 6434 00
D-71706 Markgröningen
Registergericht: Stuttgart HRB 747603
<b>BIC: COBADEFFXXX</b>
Telefon: +49 (0) 7145-96985-55
USt-IdNr.: DE294166339
VR - Bank Asperg - Markgröningen
Telefax: +49 (0) 7145-96985-50
Steuernummer: 71369/00064
IBAN: DE57 6046 2808 0678 9680 04
<b>BIC: GENODES1AMT</b>",4580
/app/Trainings_Data/UP00000C/00000DDE.TIF,surya-gpu,"3
٤
keeeper
ľ.
£
Rechnung
90515865
Belegnummer
17.05.2021
Belegdatum
1/1
Seite
keeeper GmbH | postdamm 43 | 32351 stemwede
617196
Spargelmesser Firmenich GmbH & Co.
Auftragsnummer
Ausrüstung für den cleveren Landwirt
80664363
Lieferscheinnummer
Albertus-Magnus-Straße 11
19.05.2021
Lieferdatum
D-42719 Solingen
DE200053646
Ihre USt.-IdNr.
EIBBESANGER
100308
Kundennummer
500394
Warenempfänger
331/5718/1351
Steuernummer
Sabrina Gutsche
Ansprechpartner(in)
Lieferanschrift
Telefon
05773-801 67
Eickenhof Spargel GbR
TE
Betreuer(in)
Paul Schofer
Eickenhof 4
D-38533 Vordorf-Eickhorst
11100
<b>Bestellnummer</b>
<b>Besteller</b>
13.05.2021
<b>Bestelldatum</b>
Zentralaktion
<b>Bestellart</b>
Lieferantennummer
289,800 KG
Nettogewicht
ZahlungsbedingungenVorkasse 5% Skonto
CPT (Fracht bezahlt bis) Vordorf-Eickhorst
Lieferbedingungen
Gesamt
Einzelpreis
Pos
Material/Beschreibung
Menge
373,80 EUR
210 ST
1,78 EUR
1020625700069
100
Dreh-&Stapelbox 22 I
öko grūn
373,80 EUR
1,78 EUR
210 ST
200
1020660800069
Dreh-&Stapelbox 22 I
laguna blau
210 ST
0,86 EUR
180,60 EUR
300
1020760800069
Deckei für Dreh-&Stapelbox 22 I
laguna blau
928,20 EUR
Gesamt:
-46,41 EUR
-5,00 %
Sonderrabatt
-26,45 EUR
-3,00 %
Sonderrabatt
855,34 EUR
Nettowert:
162,51 EUR
19,00 %
Ausgangssteuer
1.017,85 EUR
Endbetrag:
Das Lieferdatum entspricht dem Leistungsdatum
Der Eigentumsvorbehalt gilt bis zur vollständigen Bezahlung der Ware.
Rheinland-Pfalz Bank
keeeper GmbH
Geschäftsführer R. Sobotta,
Bankverbindungen
Commerzbank AG
Stuttgart
postdamm 43 | 32351 stemwede
M. Philippe
Landesbank Baden-Württemberg
fon +49 5773 801-0
USt.-IdNr. DE 125750653
Arnsberg
IBAN: DE66 4664 0018 0401 9485 00
IBAN: DE31 6005 0101 0002 6586 56
fax +49 5773 801-50
Sitz der GmbH: Stemwede-Oppenwehe
SWIFT-BIC: SOLA DE ST 600
Amtsgericht Bad Oeynhausen 1 HRB 8794
SWIFT-BIC: COBA DE FF 466
info@keeeper.com I keeeper.com",4755
/app/Trainings_Data/UP000004/000004E8.TIF,surya-gpu,"Werbemittelexpress
<b>Margit Kraus</b>
Rechnung
Weyerstrasse 101
St.-Nr.: 128/5339/4768
42697 Solingen
Tel.: 0212 / 259 13 40
info@werbung-kraus.de
903100 72615
Spargelmesser Firmenich GMbH & Co. KG
Albertus- Magnus- Strasse 11
42719 Solingen
Rg.- Datum
03.12.2020
Rg.- Nummer
325
٠
STÜCK
<b>Auftrag / ARTIKEL</b>
<b>BEZEICHNUNG</b>
<b>EINZELPREIS</b>
<b>GESAMTPREIS</b>
gest. Ware beschriftet: Stängle
0,15 €
75,00€
# 14596
500
VK
30,00€
30,00€
Vorkosten
1
# 18037
400
gest. Ware beschriftet: Meinhardt
60,00€
0,15€
VK
Vorkosten
30,00€
30,00€
1
. :
# 20214
1000
gest. Ware beschriftet: Kilburger
150,00€
0,15 €
VK
30,00€
30,00€
Vorkosten
1
gest. Ware beschriftet: Kaiser
# 33503
3000
450,00€
0,15 €
30,00€
30,00€
VK
Vorkosten
1
€
.€
•••
€
€
_
CON THE
B
PO BAI
i Kili
€
€
€
€
€
€
855,00€
Nettobetrag:
136,80€
16% Mwst.
Gesamtbetrag
991,80€
Zahlungsbedingungen: sofort rein Brutto, kein Skonto, innerhalb von 8 Tagen nach Rechnungsdatum
Rechnungsdatum gleicht Lieferdatum
Bankverbindung: DE73 3425 0000 0001 445469
Bic SOL SDE 33 XXX",4682
/app/Trainings_Data/UP00000C/00000C49.TIF,surya-gpu,"<b>I</b>∴Net
<b>FBS</b> Industry
囯
GmbH & Co. KG
FBS Industry GmbH & Co. KG · Postfach 120 220 · D-42677 Solingen
3400 | 70606
Spargelmesser Firmenich
Rechnung
GmbH & Co. KG
Albertus-Magnus-Straße 11
Belegnr
41287
Datum
04.03.2021
42719 Solingen
Sandra Jacob
Ansprechpartner
Durchwahl
0212 22219-23
Ihre Kundennr
100842
Kunden-Bestellnr
E-Mail/Firmenich
vom
03.11.2020
<b>USt-IDNr</b>
Unsere Lieferantennr
Ihre Faxnummer
Bitte bei Rückfragen Rechnungsnummer angeben.
Sie bestellten auf Grund der Ihnen vorliegenden Verkaufsbedingungen. Die Ware bleibt bis zur vollständigen Bezahlung
unser Eigentum. Es gilt der verlängerte und erweiterte Eigentumsvorbehalt. Wir behalten uns vor, auch Material und
Handelsware von Unternehmen zu verwenden, welche kein Qualitätsmanagementsystem eingeführt haben.
Lieferdatum entspricht Leistungsdatum.
Menge
Artikelnr
Lieferschein-Nr.
Einzelpreis
Preis
Gesamt
Bezeichnung
Datum
EUR .
Basis
• EUR
750 St ٧
6050-00-0020
120252
517,00
100 St
3.877,50
04.03.2021
Spargelstecher flach mit Kunststoffgriff
Ihre Artikelnr 4091
Direktlieferung durch H. Rauh am
04.03.2021, LS 12674
Warenwert (netto)
Fracht
Netto
. Mwst-Betrag
Mwst-Satz
Brutto
EUR 3.877,50 ,
3.877,50
0,00
736,73
19,00 %
EUR 4.614,23/
3383,77
Versand:
Anlieferung
3392,93
Lieferung:
frei Haus
5372,14
Zahlung:
8 Tage netto
885931
TO THE PARTY OF THE PARTY OF THE PARTY OF THE PARTY OF THE PARTY OF THE PARTY OF THE PARTY OF THE PARTY OF THE PARTY OF THE PARTY OF THE PARTY OF THE PARTY OF THE PARTY OF THE PARTY OF THE PARTY OF THE PARTY OF THE PARTY O
25622,38
Seite 1 von 1
Betrieb:
Telefon:
+49 (212) 222 19-0
Commerzbank AG Solingen
National-Bank AG, Essen
Stadt-Sparkasse Solingen
D-42655
Telefax:
+49 (212) 150 84
Konto 6 222 626 (BLZ 342 800 32)
Konto 6 876 129 (BLZ 360 200 30)
Konto 135 707 (BLZ 342 500 00)
Solingen
E-Mail:
info@fbs-industry.de
<b>SWIFT-BIC: DRES DE FF 342</b>
<b>SWIFT-BIC: NBAG DE 3E</b>
<b>SWIFT-BIC: SOLS DE 33</b>
Schmalzgrube 5
Internet:
www.fbs-industry.de
IBAN: DE60 3428 0032 0622 2626 00
IBAN: DE35 3602 0030 0006 8761 29
IBAN: DE66 3425 0000 0000 1357 07
GmbH&Co.KG mit Sitz in Solingen · Registergericht Wuppertal HRA 20277 · USt-ldNr. DE 186586079 · St.-Nr. 128/5905/4536 · Geschäftsführer: Roger Böhm",10285
/app/Trainings_Data/UP00000C/00000EFE.TIF,surya-gpu,"13.
FINE FOOD
Märker Fine Food GmbH
Poppenbüttler Hauptstraße 41 * 22399 Hamburg
Internet: www.maerkerfinefood.de * E-Mail: bestellung@maerkerfinefood.de
Telefon (040) 6 70 61 81 * Telefax (040) 6 70 40 83
Märker Fine Food GmbH * Poppenbüttler Hauptstraße 41 * 22399 Hamburg
Geschäftsführerin: Andrea Käding
<b>Spargelmesser Firmenich</b>
Amtsgericht Hamburg HRB 164115
Jürgen Firmenich
USt,-IdNr.: DE135112264
Albertus-Magnus-Strasße 11
ILN: 4002884000004
42719 Solingen
Steuer-Nr.: 50/741/01420
<b>Deutschland EU</b>
Finanzamt Hamburg-Oberalster
Lieferschein
Hamburg, den 01.03.2021
Lieferschein-Nr.: 006439
: 310012
Kunden-Nr.
: 0007029
Auftrags-Nr.
Seiten-Nr.
: 1
Lieferdatum 01.03.21
Menge
Einh./KG
Anz. Kt.
Beschreibung
Art.-Nr.
1.440
12
<b>KARTON</b>
120
Hollandaise
1217
٦.<br>. . . . . . . . . . . . . . . . . . .
12X250ml
370,66
<b>KG-Brutto</b>
360,00
<b>KG-Netto</b>
LADEHILFSMITTEL: 2 STÜCK HOLZ EUROPALETTE
Luricel Pavel
4.
<b>ABFAHRT</b>
<b>ZEIT: ANFAHRT</b>
ERHALTEN: .....
SEPACKT:
FAHRER
<b>REKLAMATION BITTE SOFORT!</b>
<b>ENDKONTROLLE</b>
Unsere allgemeinen Geschäftsbedingungen (AGB) finden Sie abrufbar unter: www.markerfinefood.de
3612",3672
/app/Trainings_Data/UP000000/0000015A.TIF,surya,"Bergmann GmbH & Co KG
Güterkraftverkehr
Spedition
Źĳ.
Logistik
42369 Wuppertal-Ronsdorf
Sammelverkehr
Otto-Hahn-Straße 21
Lagerung
Fon +49(0)202/24641-0.
Fax: +49(0)202724641-30
Distribution
e-mail: service@bergmann-apedition.de
Internet: www.bergmann-spedition.de
SPEDITION
Bergmann GmbH & Co KG . Otto Hahn-Stroße 21 · 42369 Wuppertst
Rèchnunc
NAME OF THE OWNER OF THE OWNER OF THE OWNER OF THE OWNER OF THE OWNER OF THE OWNER OF THE OWNER OF THE OWNER OF THE OWNER OF THE OWNER OF THE OWNER OF THE OWNER OF THE OWNER OF THE OWNER OF THE OWNER OF THE OWNER OF THE OW
and the state of the state of the state of the state of the state of the state of the state of the state of the state of the state of the state of the state of the state of the state of the state of the state of the state 
Seite: 1
Rechnungs-Nr : 66421
Spargelmesser Firmenich
GmbH & Co. KG
42816
Konto-Nr
Albertus-Magnus-Str. 11
Umsatzst-Id-Nr: DE257079017
42719 Solingen
den 22:05:2020
42369 Wuppertal
Absender-Name
Leist-Datum
Empfaenger-Name
Erf-Nr
Absender-Ort
Empfaenger-Ort
20.05.2020
Firmenich, Spargelmesser
LANDI
206097
HÜTTWILEN & UMBEBUNG+41-52-748004
GmbH & Co. KG
Albertus-Magnus-Str. 11
IM WINKEL 4
CH 8536 Hüttwilen
42719 Solingen
Auftrags-Nr. Versender: LS70280
Zeichen / Nummer Anzahl Verp Inhalt
Kbm B-Gew
Ldm
1,340 1000,0
The sample of the same of the Party of the Party of the Party of the Party of the Party of the Party of the Party of the Party of the Party of the Party of the Party of the Party of the Party of the Party of the Party of t
GUMMIRINGE
ZP
1000,0
Frankatur: FR HAUS UVZ+UVSTDDU
That William a land of the
Abgangsort
1
F-Gew
Tarif Fr-Satz
Bestimmungsort tarifiert
Km
Fracht
EUR
______
14 19 19 19 11 11 11 11 11 11 11 11 11 11 
S/TVS-Kosten/<br>Fracht/
557
310, 11
50,00***<br>68,00***
ERSTELLUNG EXPORTPAPIERE
VERZOLLUNG/AUSLAND
Kassel << >> Göttingen << >> Hannover >> Braunschweig
täglich
Hamburg >> << Bremen >> << Bielefeld
direkt!!!
>>> Sachsen >>> Leipzig -> Dresden -> & Chemnitz :
Laufzeit 24 Stunden nach Abholung
Die BERGMÄNNER Litäglich Italia / Irland / Österreich / C.Z. / Polska /
aktuell
Systemverkehr: NL:/B.//L./CH://CH://CU:K.
Uebertrag
al distribution of the contraction of the contraction of the contraction of the contraction of the contraction of the contraction of the contraction of the contraction of the contraction of the contraction of the contracti
Die Gesellschaft ist eine Kommanditgesellschaft,
Wir arbeiten ausschl, aufgrund ADSp 2017
Bankverbindungen
http://www.vtl.de
Sitz Wuppertal, Registergericht Wuppertal HRA 12983.
und haben den TVS gezeichnet.
Volksbank Remscheld
Stadtsparkasse Wuppertal
Pers. haftende Gesellschafterin ist die Bergmann GmbH,
BLZ 330 500 00 Kto. 410 266
BLZ 340 600 94 Kto. 2036747

    Erfüllungsort und Gerichtestand ist Wuppertal

Sitz Wuppertal, Registergericht Wuppertal HRB 3789,
IBAN: DE34330500000000410266
IBAN: DE42340600940002036747
USt-IdNr.: DE 121 020 872
Geschäftsführer: Christof Bergmann.
Steuer-Nr.: 0131/5802/0159
SWIFT: WUPSDE33.
SWIFT: VBRSDE33XXX",19245
/app/Trainings_Data/UP000008/00000B93.TIF,surya-gpu,"EGV AG
FOOD IST UNSER BUSINESS
EGV Lebensmittel für Großverbraucher AG
Hauptstr. 4 · 21714 Hammah
EGV Lebensmittel für Großverbraucher AG.
Tel. 04144/209118 · Fax 04144/209180
Hauptstr. 4 · 21714 Hammah
E-Mail: info.stade@egv-group.de · Internet: www.egv.de
Spargelmesser Firmenich GmbH & Co. KG
RECHNUNG
Albertus-Magnus-Straße 11
42719 Solingen
DATUM
KD.-NR.
BLATT RE.-NR.
LIEFERANSCHRIFT:
13964
643010
30.04.21
1
Erdbeerhof/Walter Nüstedt
Döhren 3
27211 Bassum
3300 fo 250
IHRE BETRIEBSNR.:200053646
KRED.-NR.:
TOUR: 29 TOR:
BETRIFFT:
NETTO EUR M
COLLI EINH. BER.MG. E-PREIS
ART-NR ARTIKELBEZEICHNUNG
57/20/
Lieferschein: 702219/Lieferdatum: 29.04.21
288 0,9980 287,42 1
12
08128 LUK.SAUCE HOLL.BALANCE 15% 250M
24
j
2304 0,9980 2299,39 1
44173 LUKULL SAUCE HOLLANDAISE 250ML 192 12
Summen Lfsch: NETTO 1: <math>2586,81</math> NETTO 2: <math>0,00 =</math>
2586,81
The second second second second second second second second second second second second second second second second second second second second second second second second second second second second second second second s
RE.-BETRAG
MWST-GES
MWST 19%
NETTO 2
NETTO-GES
NETTO 1
MWST 7%
2767,89
181,08
0,00
2586,81
181,08
0,00
2586,81
2983,60
Sitz der Aktiengesellschaft: 59423 Unna * Amtsgericht Hamm HRB 3204
Vorstand: Christian Heumann, Thomas Wallrabenstein * Aufsichtsratsvorsitzender: Frank Seipelt
Steuer-Nr.: 31,6/5720/1256 * USt.-Identifikationsnr.: DE124790516 * GLN 40 44065 00000 7
Commerzbank Köln (IBAN: DE84 3704 0044 0503 6629 00 * BIC: COBADEFFXXX)
Sparkasse UnnaKamen (IBAN: DE04 4435 0060 0000 0432 99 * BIC: WELADEDIUNN)
Für alle Bioprodukte gilt: DE-ÖKO-003
Die Lieferung erfolgt zu ünseren bekannten Liefer und Zahlungsbedingungen. Diese sehen einen Eigentumsvorbehalt vor. Die Ware bleibt bis zur vollständigen Bezahlung unser Eigentum.",7235
/app/Trainings_Data/UP000014/000014F4.TIF,surya-gpu,". .
Ewals Cargo Care B.V.
Ť
Ariensstraat 61-63
<b>Ewals</b> Cargo Care
NL 5931 HM TEGELEN
Telephon: 077-3202202
Telefax : 077-3202222
UST-ID-nr: NL008904571B01
Kontakt:
ξ,
1
RECHNUNG
*
FIRMENICH GMBH & CO. KG
5002002026198
Rechnung-nr.
145162
Kunden-nr.
ALBERTUS-MAGNUS STRASSE 11, HALLE 7
DE257079017
UST-ID-nr
D 42719 SOLINGEN / MERSCHEID
4730 70550
915,00
Transport vorige Seite,
. . .
915,00
Subtotal
915,00 * 0,00 %
NL DD
Mwst.
915,00
: EUR
TOTAL BETRAG
Zahl. 30 Tag. nach Rechn.datum
BTW verlegd: Die Steuerschuldnerschaft geht auf Sie als Leistungs-
empfaenger ueber (TVA due par le client) - Art.196 MwStSystRL.
BITTE VERMERKEN SIE AUF IHRER ÜBERWEISUNG DIE RECHNUNGSNUMMER 5002002026198
ODER SENDEN SIE EINE ZAHLUNGSSPEZIFIKATION AN: ar.eccbv@nl.ewals.com
W ...
GEBUCHT
. .
.
1112
ABN AMRO NL Amsterdam 64.17.98.407 (EUR) IBAN: NL45ABNA0641798407 BIC code: ABNANL2A.
Auf jeder Offerte und alle Vereinbarungen finden die Ewals Cargo Care Betriebsbedingungen anwendung,
deponiert bei der Industrie- und Handelskammer in den Niederlanden, registriert unter Nummer 12025683.
Diese Bedingungen werden Sie auf Ihre bitte kostenfrei zugeschickt.",4808
/app/Trainings_Data/UP000000/00000026.TIF,surya-gpu,"<b>Rechnung Nr. 22000046</b>
(Bitte stets angeben)
DIGI Deutschland GmbH, Reisertstr. 8, 53773 Hennef
Versandanschrift / Einsatzort
230864061
Spargelmesser Firmenich GmbH & Co. KG
Biogemüse vom Fritzhof
Albertus-Magnus-Str. 11
Peter Zenker
Mathildenstrasse 20
42719
Solingen
85399 Hallbergmoos
Kunden Nr.
: 230864061
Ihre Referenz
: 11571
Rechnungsnummer
: 22000046
Unsere Referenz
: DS-781
Rechnungsdatum
: 10.01.2022
3400170404
Fälligkeitsdatum
: 20.01.2022
Auftrag Nr. / Datum
: 21606521
/ 22.12.2021
<b>∵</b>rkäufer
: Dealer Sales
Datum der Lieferung / Leistung
: 10.01.2022
/lenge
Artikel Nr.
Art. Bezeichnung
Preis pro
Preis
Netto-
VE
Tsd.Stk.
VE
betrag
2/
1,00 187GR01
DS-781BR, 15 KG
141,30
141,30
Seriennr:
20369052
V
1,00 23700176
Bearbeitungsgebühr Einzelversand
10,00
10,00 🗸
1,00 23700246
Frachtkosten Paket 5-10 kg
8,50
8,50
AD
. . . . . . . . . . . . . . . . . . . . 
P · 1
À
**
jare<sup>i t</sup>
i series de la companya de la companya de la companya de la companya de la companya de la companya de la companya de la companya de la companya de la companya de la companya de la companya de la companya de la companya de 
(EURO)
Zahlungsbedingung:
10 Tage Netto
Betrag exkl. USt.
:
159,80
Gesamtbetrag USt.
19 % :
30,36
Zu zahlender Betrag
:
190,1
<b>DIG! Deutschland GmbH</b>
Geschäftsführung:
USt.-IdNr.: DE 811745961
Reisertstraße 8, 53773 Hennef
Deutsche Bank Krefeld
Steffen Henning, Yujiro Sato
WEEE-Reg.-Nr.: DE 26472720
Telefon: +49 2242 90104 14 Fax: -29
IBAN: DE80 3207 0080 0230 9995 00
GLN Nr.: 40 48073 00000 4
www.digisystem.com
SWIFT (BIC): DEUTDEDD320
Sitz der Gesellschaft: Hennef
info@de.digi-group.com
Amtsgericht Siegburg, HRB 9067",10013
/app/Trainings_Data/UP000008/00000917.TIF,surya-gpu,"bekuplast (L.
Ihr Ansprechpartner:
Lars Lübbermann
bekuplast GmbH - Industriestraße 1 - 49824 Ringe
Tel-DW:
+49 5944 9333-31
Fax-DW:
+49 5944 9333-50
E-Mail:
sales@bekuplast.com
Kundennr.:
15040
Ansprechpartner:
<b>Matthias Fricke</b>
Spargelmesser Firmenich GmbH & Co. KG
Lieferantennr.:
Albertus-Magnus-Straße 11
Halle 7
Lieferart:
per Spedition (Stückgut bis 7 Paletten)
42719 Solingen
3400/ 70203
Seite 1 von 1
Rechnung RE150745 (bei Zahlung bitte angeben)
15.04,2021
Pos
Artikelnummer / Beschreibung
Menge
<b>EUR/ Einheit</b>
<b>EUR Gesamt</b>
6
5,00
55,00
275,00
Frachtkosten
H.S.
Auf.-Nr.: KB227921
Menge: 5,00 Lieferscheinnr.: LS259476 Versanddatum: 12.04.2021
Lieferanschrift: Spargel- und Obsthof Philipp Sebbel, Westruper Str. 170, 45721 Haltern am See
MaterialanforderungsNr.: 10808 / Lieferschein 84840
Lieferbedingung: DAP geliefert bis Haltern am See, gemäß Incoterms® 2020
2
2303.010011-201001
250,00
987,50
3,95
Kunststoffbehälter
Außenmaße: 600 x 400 x 215/240 mm
Seiten und Boden durchbrochen
Farbe: grün 201
H.S.392310
Auf.-Nr.: KB227921
Menge: 250,00 Lieferscheinnr.: LS259290 Versanddatum: 12.04.2021
Lieferanschrift: Spargel- und Obsthof Philipp Sebbel, Westruper Str. 170, 45721 Haltern am See
MaterialanforderungsNr.: 10808 / Lieferschein 84840
Lieferbedingung: DAP geliefert bis Haltern am See, gemäß Incoterms* 2020
<b>Nettogewicht:</b>
412,50 kg
<b>Nettobetrag EUR</b>
1.262,50
<b>Bruttogewicht:</b>
455,00 kg
239,88
19% MwSt
Journ 15.05.2021 ohne Abzug 1.502,38 EUR
Bei Verladung auf Euro-Holz-Tauschpaletten erfolgt bei Nichttausch eine Berechnung von 9,00 € netto pro Pälette!
1.502,38
<b>Gesamtbetrag EUR</b>
bekuplast GmbH
Bankverbindungen:
Zertifiziert nach:
Geschäftsführer: Christian Roelofs, Jörg Deglmann
Industriestraße 1 · 49824 Ringe · Germany
Grafschafter Volksbank e. G
BIC: GENODEFINEV IBAN: DE61 2806 9956 4812 9003 00
ISO 9001
Register/Steuernummer:
T+49 5944 9333-0 · F+49 5944 9333-50
Commerzbank Nordhorn
BIC: COBADEFFXXX IBAN: DE66 2674 0044 0585 1142 00
ISO 14001
Amtsgericht Osnabrück HRB 130236
info@bekuplast.com · www.bekuplast.com
Kreissparkasse Nordhorn
BIC: NOLADE21NOH IBAN: DE21 2675 0001 0010 0087 20
ISO 50001
Steuer-Nr. 55/21002304 · USt-IdNr.: DE117044817",10788
/app/Trainings_Data/UP000010/000011EF.TIF,surya-gpu,"₡`
73.
•
<b>></b>
.
Synthetische Gewebe & Folien
Zill GmbH & Co. KG • Hanns-Martin-Schleyer-Straße 31 • D-89415 Lauingen/Do.
für Agrar & Industrie
Spargelmesser Firmenich GmbH & Co. KG
Albertus-Magnus-Straße 11
42697 Solingen
_____
Deutschland
Rechnung
------
Rechnungsnr.
R2112802
Seite
2
Lieferschein
L2115555
A2116876
Auftragsnummer
Kd.Nr.
151163
garang and a second
•
Verkäufer
Herr Holl
Datum
27.09.21
Ihr Bestelldatum
23.09.21
Lieferdatum
27.09.21
.
Ihre Belegnr.
MAIL
Lief. an Adresse 151247
Lieferschein L2115555 an:
Spargelmesser Firmenich GmbH & Co. KG
Albertus-Magnus Straße 7
42719 Solingen
.
Deutschland
4
.
Sparkasse Augsburg
Sparkasse Dillingen
VR-Bank Donau-Mindel eG
Zill GmbH & Co. KG
Phone: +49(0)9072 9581-0
IBAN: DE49 7205 0000 0250 8710 84
IBAN: DE62 7225 1520 0000 0138 38
IBAN: DE70 7206 9043 0000 0000 27
+49(0)9072 9581-30
Hanns-Martin-Schleyer-Straße 31
Fax:
<b>BIC: AUGSDE77XXX</b>
<b>BIC: BYLADEM1DLG</b>
E-Mail: info@zillnet.de
BIC: GENODEF1GZ2
D-89415 Lauingen
Internet: www.zillnet.de
HRA 12218, VAT-No.: DE 811 444 907
Managing Directors: Alfred Zill, Andreas Frank",3933
/app/Trainings_Data/UP000000/000002AC.TIF,surya-gpu,"<b>DHL Paket GmbH</b>
Niederlassung Vertrieb
Rechnung
Seite 1 von 5
DHL Paket GmbH, 58147 Hagen
Bei Zahlung oder Rückfragen bitte angeben:
Spargelmesser Firmenich
Rechnungsnummer:
1904596574
GmbH & Co, KG
Rechnungsdatum:
10.05.2020
Albertus-Magnus-Str. 11
Leistungszeitraum:
05.2020
42719 Solingen
Kundennummer:
5049144706
Umsatzsteuer-ID:
DE200053646
904730/70406
Sehr geehrte Damen und Herren,
für Ihre Aufträge zur Sendungsbeförderung danken wir Ihnen und erlauben uns, diese wie folgt in Rechnung zu stellen.
Grundlage der Abrechnung sind die an Deutsche Post DHL übermittelten Auftragsdaten aus EDI-Nachrichten oder Einlieferungslisten und die
durch Deutsche Post DHL ermittelten Paketsendungsdaten.
<b>Genutztes Versandprodukt: DHL PAKET</b>
Abrechnungsnummer:
5049144706 01 03
Auftraggeber:
Spargelmesser Firmenich, GmbH & Co. KG, Albertus-Magnus-Str. 11; 42719 Solingen
Spargelmesser Firmenich, GmbH & Co. KG, Albertus-Magnus-Str. 11, 42719 Solingen
Einlieferer:
DHL PAKET GKP
Ihre Referenz:
Abgerechnete Blatt- bzw.
ICR-Nummer/n:
285, 292, 296, 298-302, 304-310
Einlieferungszeitraum:
09.04.2020 bis 09.05.2020
609,47 EUR
Rechnungsbetrag (ohne Umsatzsteuer)
19% von 609,47 EUR
115,80 EUR
<b>Umsatzsteuer (C1)</b>
725,27 EUR
Rechnungsbetrag (inklusive Umsatzsteuer)
1948,03
Wir bitten Sie, den Rechnungsbetrag unter Angabe der Rechnungsnummer 1904596574 auf das unten angegebene Konto zu überweisen.
2673130
Fälligkeit: zahlbar sofort
Weitere ausführlichere Informationen entnehmen Sie bitte der folgenden EINZELÜBERSICHT.
Mit freundlichen Grüßen
v
Ihre DHL Paket GmbH
GEDUCHT.
.
Bitte beachten Sie folgende Hinweise
Einwendungen gegen die in der Rechnung gestellte Forderung richten Sie bitte innerhalb von 30 Tagen nach Zugang der Rechnung an die
unten genannte Anschrift Ihrer Abrechnungsstelle. Erfolgt innerhalb dieser Frist keine Einwendung, so gilt die Rechnung als anerkannt.
Spätere Einwendungen können wir leider nicht mehr berücksichtigen.
Die Rechnung kann unberechnete Aufträge aus vorherigen Abrechnungszeiträumen enthalten. Ist dies der Fall sind diese in der
EINZELÜBERSICHT separat ausgewiesen.
Hausadrosse:
DHL Pakot GmbH
Goschäftsführung:
Deutsche Post AG
Norman Chmiel
Buschmühlenstraße 40
Sitz Bonn
Sitz Bonn
Dr. Ole Nordhoff
58093 Hagen
Registergericht Bonn
Registergericht: Bonn
HRB 19565
Dr. Christian Schawol
HRB 6792
USt-IdNr.
Abrochnungsstelle:
Frank-Uwe Ungerer
Deutsche Post AG
DE 813312787
Vorstand:
NL Betrieb Essen
St.Nr 205/5777/4144
Vorsitzender des
Dr. Frank Appel, Vorsitzender
Abrechnungsstelle
Aufsichtsrates:
Ken Allen
Buschmühlenstr, 40
<b>Uwe Brinks</b>
Oscar de Bok
Kontoverbindung
<b>Melanic Kreis</b>
58093 Hagen
Postbank Köln
Telefon +49 2331 1270108-0
Dr. Tobias Meyer
IBAN:
Dr. Thomas Ogilvie
Tolofax +49 2331 1270108-9
DE88370100500000235506
John Pearson
E-Mail:
Abrechnung.Hagen@doutschepost.de
Tim Scharwath
<b>BIC: PBNKDEFFXXX</b>
Vorsitzender des Aufsichtsrates:
www.dhl.de
Dr. Nikolaus von Bomhard",6821
